INSERT INTO PERMISSAO (NOME) VALUES('JOGADOR');
INSERT INTO PERMISSAO (NOME) VALUES('ADMIN');

INSERT INTO USUARIO (ID, LOGIN, SENHA, DATA_CADASTRO) VALUES (1, 'thianolima@hotmail.com','$2a$10$R1T.xXX.702S5o7hMI1BSeAqMb8dOO8dkeXbXhDs8kBZzkSt6EmoK','2020-02-29 10:15:16.014');
INSERT INTO USUARIO_PERMISSOES(USUARIO_ID, PERMISSOES_NOME) VALUES (1, 'ADMIN');

INSERT INTO USUARIO (ID, LOGIN, SENHA, DATA_CADASTRO) VALUES (2, 'ricardo@gmail.com','$2a$10$R1T.xXX.702S5o7hMI1BSeAqMb8dOO8dkeXbXhDs8kBZzkSt6EmoK','2020-02-29 10:15:16.014');
INSERT INTO USUARIO_PERMISSOES(USUARIO_ID, PERMISSOES_NOME) VALUES (2, 'JOGADOR');

INSERT INTO TIME (ID, NOME, DATA_FUNDACAO) VALUES (1, 'SANTOS','2020-02-29');
INSERT INTO TIME (ID, NOME, DATA_FUNDACAO) VALUES (2, 'AGUA BRANCA','2020-02-29');
INSERT INTO TIME (ID, NOME, DATA_FUNDACAO) VALUES (3, 'PONTE PRETA','2020-02-29');
INSERT INTO TIME (ID, NOME, DATA_FUNDACAO) VALUES (4, 'OESTE','2020-02-29');
INSERT INTO TIME (ID, NOME, DATA_FUNDACAO) VALUES (5, 'SANTO ANDRE','2020-02-29');
INSERT INTO TIME (ID, NOME, DATA_FUNDACAO) VALUES (6, 'PALMEIRAS','2020-02-29');
INSERT INTO TIME (ID, NOME, DATA_FUNDACAO) VALUES (7, 'NOVORIZONTINO','2020-02-29');
INSERT INTO TIME (ID, NOME, DATA_FUNDACAO) VALUES (8, 'BOTAFOGO SP','2020-02-29');
INSERT INTO TIME (ID, NOME, DATA_FUNDACAO) VALUES (9, 'SAO PAULO','2020-02-29');
INSERT INTO TIME (ID, NOME, DATA_FUNDACAO) VALUES (10, 'MIRASSOL','2020-02-29');
INSERT INTO TIME (ID, NOME, DATA_FUNDACAO) VALUES (11, 'INTER DE LIMEIRA','2020-02-29');
INSERT INTO TIME (ID, NOME, DATA_FUNDACAO) VALUES (12, 'ITUANO','2020-02-29');
INSERT INTO TIME (ID, NOME, DATA_FUNDACAO) VALUES (13, 'BRAGANTINO SP','2020-02-29');
INSERT INTO TIME (ID, NOME, DATA_FUNDACAO) VALUES (14, 'GUARANI','2020-02-29');
INSERT INTO TIME (ID, NOME, DATA_FUNDACAO) VALUES (15, 'CORINTHIANS','2020-02-29');
INSERT INTO TIME (ID, NOME, DATA_FUNDACAO) VALUES (16, 'FERROVIARIA','2020-02-29');

INSERT INTO CAMPEONATO (ID, DATA_INICIO, NOME, QTD_TIMES) VALUES (1, '2020-02-29', 'CAMPEONATO PAULISTA 2019 - A1', 16);

INSERT INTO CAMPEONATO_TIMES(IDCAMPEONATO, IDTIME) VALUES (1,1);
INSERT INTO CAMPEONATO_TIMES(IDCAMPEONATO, IDTIME) VALUES (1,2);
INSERT INTO CAMPEONATO_TIMES(IDCAMPEONATO, IDTIME) VALUES (1,3);
INSERT INTO CAMPEONATO_TIMES(IDCAMPEONATO, IDTIME) VALUES (1,4);
INSERT INTO CAMPEONATO_TIMES(IDCAMPEONATO, IDTIME) VALUES (1,5);
INSERT INTO CAMPEONATO_TIMES(IDCAMPEONATO, IDTIME) VALUES (1,6);
INSERT INTO CAMPEONATO_TIMES(IDCAMPEONATO, IDTIME) VALUES (1,7);
INSERT INTO CAMPEONATO_TIMES(IDCAMPEONATO, IDTIME) VALUES (1,8);
INSERT INTO CAMPEONATO_TIMES(IDCAMPEONATO, IDTIME) VALUES (1,9);
INSERT INTO CAMPEONATO_TIMES(IDCAMPEONATO, IDTIME) VALUES (1,10);
INSERT INTO CAMPEONATO_TIMES(IDCAMPEONATO, IDTIME) VALUES (1,11);
INSERT INTO CAMPEONATO_TIMES(IDCAMPEONATO, IDTIME) VALUES (1,12);
INSERT INTO CAMPEONATO_TIMES(IDCAMPEONATO, IDTIME) VALUES (1,13);
INSERT INTO CAMPEONATO_TIMES(IDCAMPEONATO, IDTIME) VALUES (1,14);
INSERT INTO CAMPEONATO_TIMES(IDCAMPEONATO, IDTIME) VALUES (1,15);
INSERT INTO CAMPEONATO_TIMES(IDCAMPEONATO, IDTIME) VALUES (1,16);

INSERT INTO JOGO (ID, HORARIO, RODADA, IDCAMPEONATO, IDTIMECASA, IDTIMEVISITANTE) VALUES (1, '22:35:00', 1, 1, 2, 6);
INSERT INTO JOGO (ID, HORARIO, RODADA, IDCAMPEONATO, IDTIMECASA, IDTIMEVISITANTE) VALUES (2, '22:35:00', 1, 1, 3, 5);
INSERT INTO JOGO (ID, HORARIO, RODADA, IDCAMPEONATO, IDTIMECASA, IDTIMEVISITANTE) VALUES (3, '22:35:00', 1, 1, 4, 3);
INSERT INTO JOGO (ID, HORARIO, RODADA, IDCAMPEONATO, IDTIMECASA, IDTIMEVISITANTE) VALUES (4, '22:35:00', 1, 1, 5, 8);
INSERT INTO JOGO (ID, HORARIO, RODADA, IDCAMPEONATO, IDTIMECASA, IDTIMEVISITANTE) VALUES (5, '22:35:00', 1, 1, 5, 9);

INSERT INTO BOLAO (ID, DATA_CRIACAO, IDCAMPEONATO, IDUSUARIO) VALUES (1, '2020-02-29 10:15:16.014', 1, 1);

INSERT INTO BOLAO_PARTICIPANTES(IDBOLAO, IDUSUARIO) VALUES (1,1);

INSERT INTO CONVITE (ID, CADASTRADO, DATA_ACEITE, DATA_EXPIRACAO, EMAIL, IDBOLAO) VALUES (1, TRUE, '2020-02-29 10:15:16.014', '2020-03-30 10:15:16.014', 'thianolima@hotmail.com', 1);
INSERT INTO CONVITE (ID, CADASTRADO, DATA_ACEITE, DATA_EXPIRACAO, EMAIL, IDBOLAO) VALUES (2, FALSE, '2020-02-29 10:15:16.014', '2020-03-30 10:15:16.014', 'thialima@gmail.com', 1);

INSERT INTO RESULTADO (ID, GOLS_CASA, GOLS_VISITANTE, IDJOGO) VALUES (1, 2, 0, 1);
INSERT INTO RESULTADO (ID, GOLS_CASA, GOLS_VISITANTE, IDJOGO) VALUES (2, 2, 3, 2);
INSERT INTO RESULTADO (ID, GOLS_CASA, GOLS_VISITANTE, IDJOGO) VALUES (3, 1, 1, 3);
INSERT INTO RESULTADO (ID, GOLS_CASA, GOLS_VISITANTE, IDJOGO) VALUES (4, 3, 2, 4);
INSERT INTO RESULTADO (ID, GOLS_CASA, GOLS_VISITANTE, IDJOGO) VALUES (5, 0, 1, 5);

INSERT INTO PALPITE (ID, GOLS_CASA, GOLS_VISITANTE, IDBOLAO, IDUSUARIO, IDJOGO) VALUES (1, 2, 0, 1, 1, 1);
INSERT INTO PALPITE (ID, GOLS_CASA, GOLS_VISITANTE, IDBOLAO, IDUSUARIO, IDJOGO) VALUES (2, 4, 3, 1, 1, 2);
INSERT INTO PALPITE (ID, GOLS_CASA, GOLS_VISITANTE, IDBOLAO, IDUSUARIO, IDJOGO) VALUES (3, 0, 0, 1, 1, 3);
INSERT INTO PALPITE (ID, GOLS_CASA, GOLS_VISITANTE, IDBOLAO, IDUSUARIO, IDJOGO) VALUES (4, 1, 0, 1, 1, 4);
INSERT INTO PALPITE (ID, GOLS_CASA, GOLS_VISITANTE, IDBOLAO, IDUSUARIO, IDJOGO) VALUES (5, 2, 1, 1, 1, 5);